_id,Neighborhood,Id,Estimate; Total:,Margin of Error; Total:,Estimate; Total: - No schooling completed,Margin of Error; Total: - No schooling completed,Estimate; Total: - Nursery school,Margin of Error; Total: - Nursery school,Estimate; Total: - Kindergarten,Margin of Error; Total: - Kindergarten,Estimate; Total: - 1st grade,Margin of Error; Total: - 1st grade,Estimate; Total: - 2nd grade,Margin of Error; Total: - 2nd grade,Estimate; Total: - 3rd grade,Margin of Error; Total: - 3rd grade,Estimate; Total: - 4th grade,Margin of Error; Total: - 4th grade,Estimate; Total: - 5th grade,Margin of Error; Total: - 5th grade,Estimate; Total: - 6th grade,Margin of Error; Total: - 6th grade,Estimate; Total: - 7th grade,Margin of Error; Total: - 7th grade,Estimate; Total: - 8th grade,Margin of Error; Total: - 8th grade,Estimate; Total: - 9th grade,Margin of Error; Total: - 9th grade,Estimate; Total: - 10th grade,Margin of Error; Total: - 10th grade,Estimate; Total: - 11th grade,Margin of Error; Total: - 11th grade,"Estimate; Total: - 12th grade, no diploma","Margin of Error; Total: - 12th grade, no diploma",Estimate; Total: - Regular high school diploma,Margin of Error; Total: - Regular high school diploma,Estimate; Total: - GED or alternative credential,Margin of Error; Total: - GED or alternative credential,"Estimate; Total: - Some college, less than 1 year","Margin of Error; Total: - Some college, less than 1 year","Estimate; Total: - Some college, 1 or more years, no degree","Margin of Error; Total: - Some college, 1 or more years, no deg",Estimate; Total: - Associate's degree,Margin of Error; Total: - Associate's degree,Estimate; Total: - Bachelor's degree,Margin of Error; Total: - Bachelor's degree,Estimate; Total: - Master's degree,Margin of Error; Total: - Master's degree,Estimate; Total: - Professional school degree,Margin of Error; Total: - Professional school degree,Estimate; Total: - Doctorate degree,Margin of Error; Total: - Doctorate degree
1,Allegheny Center,1,1002,139,10,14,0,10,0,10,0,10,0,10,0,10,0,10,0,10,0,10,0,10,0,10,6,8,7,11,23,27,21,21,116,53,22,24,47,26,176,70,87,52,274,77,80,46,125,66,8,11
3,Allentown,3,1577.0,227.187147523,19.0,27.0,0.0,17.3205080757,0.0,17.3205080757,6.0,20.6155281281,0.0,17.3205080757,0.0,17.3205080757,0.0,17.3205080757,9.0,20.6155281281,0.0,17.3205080757,0.0,17.3205080757,8.0,19.2093727123,8.0,19.8997487421,46.0,36.9864840178,20.0,26.5518360947,39.0,29.8998327754,579.0,163.926812938,205.0,102.259473889,139.0,64.0390505863,318.0,116.828934772,54.0,34.8711915483,70.0,42.6262829719,35.0,29.5296461204,22.0,29.5972971739,0.0,17.3205080757
4,Arlington - Arlington Heights (Combined),4,1417.0,281.515445679,31.0,42.8785644455,0.0,27.3205080757,0.0,27.3205080757,0.0,27.3205080757,0.0,27.3205080757,0.0,27.3205080757,0.0,27.3205080757,0.0,27.3205080757,13.0,28.2482875909,0.0,27.3205080757,19.0,26.8226038413,27.0,28.0277563773,79.0,67.0370116692,40.0,37.4386081328,16.0,26.8819430161,417.0,121.296900226,99.0,57.1393092203,99.0,58.598206242,293.0,112.493902258,166.0,83.4053869612,94.0,53.1277173057,25.0,32.1585198061,4.0,25.779733838,0.0,27.3205080757
6,Banksville,6,3244.0,480.985446766,5.0,20.5182845286,0.0,20.0,0.0,20.0,0.0,20.0,0.0,20.0,0.0,20.0,0.0,20.0,0.0,20.0,0.0,20.0,0.0,20.0,11.0,23.579652245,5.0,21.0713075057,153.0,166.349030656,62.0,66.3701740242,0.0,20.0,923.0,241.01037322,88.0,62.6498204307,146.0,76.0394634384,256.0,116.717607926,333.0,137.793323496,606.0,163.874952326,581.0,209.348990922,75.0,59.5399025864,0.0,20.0
7,Bedford Dwellings,7,740,96,15,10,0,10,0,10,0,10,0,10,9,14,0,10,0,10,12,19,0,10,0,10,0,10,15,16,60,43,8,11,291,82,114,43,55,43,88,46,47,22,26,23,0,10,0,10,0,10
8,Beechview,8,5905.0,522.106311014,123.0,99.9249718538,0.0,31.6227766016,0.0,31.6227766016,0.0,31.6227766016,38.0,64.4127316607,0.0,31.6227766016,0.0,31.6227766016,12.0,35.5105618092,10.0,34.0,51.0,61.9193023217,56.0,59.4558659847,28.0,33.4514573673,60.0,61.3921819128,109.0,77.472575793,107.0,54.1387107346,1508.0,292.549141171,335.0,133.89921583,383.0,147.736251476,915.0,204.041662413,633.0,147.621136699,1105.0,222.198109804,325.0,107.009345386,87.0,57.8186821019,20.0,42.1544778167
9,Beltzhoover,9,1173.0,230.724944468,0.0,20.0,0.0,20.0,0.0,20.0,0.0,20.0,0.0,20.0,0.0,20.0,0.0,20.0,0.0,20.0,9.0,22.9128784748,0.0,20.0,0.0,20.0,11.0,22.9128784748,72.0,74.2563128629,77.0,69.6706537933,22.0,29.5972971739,409.0,152.829970883,98.0,57.1751694356,90.0,47.2122865364,203.0,76.1774244773,46.0,55.9016994375,64.0,41.2916456441,72.0,45.5631429996,0.0,20.0,0.0,20.0
10,Bloomfield,10,6612.0,403.312533898,59.0,36.3318042492,0.0,31.6227766016,0.0,31.6227766016,0.0,31.6227766016,5.0,30.8058436014,13.0,28.9136645896,10.0,30.2820078593,24.0,37.1483512419,6.0,31.9530906173,6.0,29.4108823397,10.0,28.6879765756,36.0,37.4432904537,24.0,28.6879765756,45.0,33.4664010614,64.0,34.2344855373,1384.0,184.897268774,205.0,83.6241591885,251.0,82.9638475482,623.0,144.093719503,408.0,106.714572575,1801.0,235.274307989,1112.0,173.280120037,310.0,84.1724420461,216.0,74.1822081095
11,Bluff,11,2168.0,253.015809782,14.0,23.5796522451,0.0,20.0,0.0,20.0,0.0,20.0,0.0,20.0,8.0,22.9128784748,0.0,20.0,9.0,23.5796522451,5.0,18.6815416922,8.0,22.9128784748,15.0,21.3307290077,8.0,22.9128784748,96.0,48.9285192909,201.0,80.6907677495,18.0,28.7923600978,463.0,102.518291051,514.0,107.154094649,146.0,60.2743726637,282.0,107.939798037,112.0,51.6236379966,146.0,57.008771255,72.0,72.4085630295,17.0,22.2036033112,34.0,71.0563156939
12,Bon Air,12,603,102,5,7,0,10,0,10,0,10,0,10,0,10,5,8,0,10,0,10,0,10,0,10,0,10,7,11,0,10,7,9,192,68,58,55,38,29,87,51,106,61,53,35,45,35,0,10,0,10
13,Brighton Heights,13,5384.0,347.603222079,124.0,56.8330889535,0.0,26.4575131106,0.0,26.4575131106,0.0,26.4575131106,0.0,26.4575131106,10.0,34.292856399,0.0,26.4575131106,3.0,25.2190404259,0.0,26.4575131106,0.0,26.4575131106,18.0,32.5729949499,23.0,27.8567765544,56.0,36.4280112002,96.0,55.5877684387,83.0,41.097445176,1520.0,241.805707128,250.0,89.1066776398,369.0,107.163426597,542.0,127.698864521,573.0,126.633328946,1242.0,189.338321531,374.0,90.1276871998,83.0,49.5681349256,18.0,28.4429253066
14,Brookline,14,9648.0,631.886065681,45.0,43.33589736,10.0,40.6939798987,0.0,38.729833462,0.0,38.729833462,43.0,78.4920378127,5.0,39.0,23.0,50.556898639,0.0,38.729833462,0.0,38.729833462,0.0,38.729833462,95.0,76.7202711153,94.0,70.2780193233,177.0,123.987902635,240.0,120.590215193,111.0,79.7433382797,2751.0,337.809117698,554.0,142.175947334,674.0,174.653943558,1036.0,211.990565828,1137.0,265.746119446,1786.0,262.085863793,687.0,161.514705214,102.0,62.8649345821,78.0,73.769912566
15,California-Kirkbride,15,499,96,12,21,0,10,0,10,0,10,0,10,0,10,0,10,0,10,0,10,0,10,5,8,17,16,16,18,22,26,15,13,159,44,27,22,14,12,97,49,21,15,70,43,24,23,0,10,0,10
16,Carrick,16,7337.0,495.690427586,201.0,96.1769203084,0.0,36.0555127546,8.0,37.0,0.0,36.0555127546,0.0,36.0555127546,9.0,37.3630833844,15.0,41.5812457727,0.0,36.0555127546,45.0,62.4019230473,30.0,48.538644398,53.0,42.8485705713,70.0,60.1498129673,211.0,91.3454979734,151.0,55.1724568966,177.0,72.9109045343,2316.0,264.603476923,549.0,143.188686704,423.0,107.317286585,832.0,168.297355891,803.0,161.195533438,1064.0,196.288053635,321.0,146.478667389,26.0,40.162171256,33.0,36.5102725271
18,Central Lawrenceville,18,3962.0,337.951179906,43.0,30.5122926048,0.0,24.4948974278,0.0,24.4948974278,1.0,22.5610283453,0.0,24.4948974278,1.0,22.7156333831,0.0,24.4948974278,12.0,33.5410196625,0.0,24.4948974278,0.0,24.4948974278,22.0,27.3130005675,58.0,53.1695401522,67.0,36.3593179254,126.0,67.1267457873,82.0,60.827625303,912.0,166.108398343,138.0,61.6441400297,170.0,72.2288031189,403.0,126.724109781,301.0,95.8957767579,960.0,144.868906257,451.0,108.655418641,131.0,52.0960651105,84.0,45.9565011723
19,Central Northside,19,2209.0,242.56133245,54.0,36.0277670693,0.0,17.3205080757,0.0,17.3205080757,0.0,17.3205080757,0.0,17.3205080757,0.0,17.3205080757,0.0,17.3205080757,0.0,17.3205080757,6.0,17.3205080757,0.0,17.3205080757,6.0,16.7630546143,27.0,27.3861278753,51.0,28.8097205818,73.0,42.9651021179,10.0,21.3541565041,392.0,144.865454819,103.0,43.577517139,111.0,47.0744091838,198.0,63.5373905665,165.0,60.3738353925,579.0,110.181668167,338.0,89.5823643358,55.0,25.6515106768,41.0,26.7394839142
21,Chartiers City,21,443,103,0,10,0,10,0,10,0,10,0,10,0,10,0,10,0,10,0,10,0,10,0,10,9,13,15,17,0,10,39,32,126,47,29,30,24,23,95,51,21,20,38,48,42,37,0,10,5,7
23,Crafton Heights,23,2594.0,233.987179136,10.0,19.4935886896,0.0,20.0,0.0,20.0,0.0,20.0,0.0,20.0,0.0,20.0,0.0,20.0,7.0,21.0713075057,0.0,20.0,4.0,18.3303027798,5.0,19.0787840284,6.0,20.5182845287,98.0,52.29722746,20.0,19.0262975904,40.0,23.8117617995,738.0,139.017984448,159.0,78.1536947303,263.0,86.2206471792,336.0,90.3659227807,238.0,70.5691150576,563.0,113.247516529,89.0,36.2491379208,13.0,21.4476105895,5.0,19.519221296
24,Crawford-Roberts,24,1545.0,202.277037748,11.0,19.7230829233,0.0,14.1421356237,0.0,14.1421356237,0.0,14.1421356237,0.0,14.1421356237,9.0,16.4012194669,0.0,14.1421356237,0.0,14.1421356237,0.0,14.1421356237,0.0,14.1421356237,0.0,14.1421356237,32.0,28.3019433962,37.0,34.6698716467,94.0,67.007462271,71.0,46.5295604965,540.0,132.310241478,108.0,54.2033209315,145.0,73.4098086089,188.0,88.6002257333,153.0,71.8470597867,90.0,56.6127194189,44.0,30.083217913,0.0,14.1421356237,23.0,28.7923600978
25,Duquesne Heights,25,2034.0,293.715849079,19.0,24.1660919472,0.0,14.1421356237,0.0,14.1421356237,0.0,14.1421356237,0.0,14.1421356237,0.0,14.1421356237,0.0,14.1421356237,0.0,14.1421356237,5.0,14.1421356237,0.0,14.1421356237,0.0,14.1421356237,29.0,31.6227766017,42.0,38.0131556175,0.0,14.1421356237,24.0,22.360679775,554.0,169.04733065,103.0,50.6063237155,160.0,66.0302960769,190.0,87.6641317758,134.0,50.1198563446,432.0,114.63420083,288.0,123.470644284,35.0,27.8567765544,19.0,22.803508502
26,East Allegheny,26,1803.0,230.521148704,21.0,34.4818792991,0.0,14.1421356237,0.0,14.1421356237,0.0,14.1421356237,0.0,14.1421356237,0.0,14.1421356237,0.0,14.1421356237,0.0,14.1421356237,0.0,14.1421356237,14.0,33.5261092285,8.0,17.2046505341,80.0,51.9711458407,50.0,34.4818792991,50.0,53.1507290637,64.0,34.1320963318,457.0,138.755180083,100.0,67.2309452559,109.0,65.192024052,155.0,69.3541635376,111.0,52.8393792545,378.0,152.295764879,161.0,64.4437739429,22.0,26.83281573,23.0,20.591260282
27,East Carnegie,27,448,95,6,9,0,10,0,10,0,10,0,10,0,10,0,10,0,10,0,10,0,10,6,9,2,19,9,12,6,9,0,10,137,44,41,37,41,29,39,19,76,33,68,40,10,26,0,10,7,24
28,East Hills,28,1882.0,285.401471615,0.0,17.3205080757,0.0,17.3205080757,0.0,17.3205080757,0.0,17.3205080757,0.0,17.3205080757,0.0,17.3205080757,0.0,17.3205080757,0.0,17.3205080757,0.0,17.3205080757,0.0,17.3205080757,0.0,17.3205080757,38.0,42.4264068712,36.0,48.1248376621,29.0,38.0263066837,111.0,78.7210264161,665.0,193.729192431,162.0,79.0569415042,193.0,104.928547117,359.0,117.39250402,71.0,49.7393204618,133.0,74.7395477642,78.0,45.2769256907,0.0,17.3205080757,7.0,18.547236991
29,East Liberty,29,3912.0,386.416873337,23.0,35.312887166,9.0,29.478805946,0.0,28.2842712474,0.0,28.2842712474,0.0,28.2842712474,2.0,26.7581763205,0.0,28.2842712474,0.0,28.2842712474,35.0,42.0475920833,7.0,30.4138126515,71.0,49.4671608242,63.0,65.2150289427,140.0,74.2361098119,21.0,27.8208554865,39.0,34.1613817051,740.0,193.871091191,273.0,130.854881453,182.0,85.1293134003,526.0,149.626200914,318.0,120.84701072,798.0,161.248255804,508.0,119.72050785,62.0,50.2394267484,95.0,51.5654923374
30,Elliott,30,1514.0,191.151772161,11.0,17.5499287748,0.0,17.3205080757,0.0,17.3205080757,0.0,17.3205080757,0.0,17.3205080757,0.0,17.3205080757,0.0,17.3205080757,0.0,17.3205080757,0.0,17.3205080757,0.0,17.3205080757,17.0,22.8910462845,15.0,27.0,14.0,20.4205778567,43.0,34.1467421579,51.0,32.0780298647,503.0,108.540315091,124.0,69.5341642648,95.0,45.0333209968,196.0,74.9266307797,173.0,67.3721010508,192.0,88.1249113475,63.0,35.3977400408,11.0,21.354156504,6.0,17.3205080757
32,Fairywood,32,828,194,39,44,0,10,0,10,13,30,0,10,0,10,0,10,0,10,0,10,0,10,0,10,0,10,0,10,0,10,0,10,107,70,66,76,25,22,101,64,83,46,269,108,106,87,9,15,10,15
33,Fineview,33,903.0,214.394496198,11.0,14.8660687473,0.0,14.1421356237,0.0,14.1421356237,0.0,14.1421356237,0.0,14.1421356237,0.0,14.1421356237,0.0,14.1421356237,0.0,14.1421356237,0.0,14.1421356237,3.0,11.6619037897,0.0,14.1421356237,8.0,12.8062484749,30.0,38.0788655293,40.0,39.2937654088,0.0,14.1421356237,302.0,121.490740388,70.0,42.4381903478,38.0,26.0,147.0,73.5391052434,133.0,68.2422156733,73.0,39.9624824054,45.0,39.4588393139,0.0,14.1421356237,3.0,12.2065556157
34,Friendship,34,1483.0,231.008657846,7.0,20.591260282,0.0,14.1421356237,0.0,14.1421356237,0.0,14.1421356237,0.0,14.1421356237,0.0,14.1421356237,0.0,14.1421356237,0.0,14.1421356237,0.0,14.1421356237,0.0,14.1421356237,7.0,19.7230829233,0.0,14.1421356237,8.0,20.591260282,0.0,14.1421356237,13.0,21.4709105536,157.0,92.8493403315,20.0,25.079872408,11.0,21.4709105536,146.0,59.640590205,56.0,61.8142378421,350.0,125.419296761,494.0,147.648230602,78.0,54.4242592968,136.0,84.0595027347
35,Garfield,35,2571.0,247.874968482,12.0,23.2594066992,0.0,22.360679775,0.0,22.360679775,0.0,22.360679775,0.0,22.360679775,5.0,21.5406592285,0.0,22.360679775,0.0,22.360679775,0.0,22.360679775,0.0,22.360679775,27.0,30.166206258,45.0,36.2491379208,39.0,28.3019433961,83.0,42.7083130082,45.0,29.8328677804,659.0,136.242430982,289.0,97.4166310236,154.0,53.4789678284,514.0,105.484596032,233.0,70.6823881883,263.0,109.187911419,128.0,46.3680924776,30.0,27.5317997959,45.0,32.8329103188
36,Glen Hazel,36,510,163,24,26,0,10,0,10,0,10,0,10,0,10,0,10,0,10,0,10,0,10,19,24,20,25,37,45,12,19,34,30,174,95,6,14,30,30,113,95,23,25,12,18,6,14,0,10,0,10
37,Greenfield,37,5757.0,462.222889957,18.0,34.1174442185,0.0,29.9999999999,0.0,29.9999999999,0.0,29.9999999999,0.0,29.9999999999,0.0,29.9999999999,0.0,29.9999999999,0.0,29.9999999999,12.0,33.5261092285,0.0,29.9999999999,10.0,32.0156211872,52.0,59.4642749893,84.0,72.8834686331,64.0,65.0307619516,20.0,34.7131099154,1218.0,235.276433159,305.0,167.272233201,356.0,127.992187262,551.0,195.721741256,408.0,148.135073497,1279.0,266.448869392,877.0,215.715089876,182.0,86.0464990571,321.0,136.35615131
38,Hays,38,306,74,0,10,0,10,0,10,0,10,0,10,0,10,0,10,0,10,0,10,0,10,0,10,2,3,12,12,0,10,11,12,98,55,27,18,28,22,33,22,75,54,20,14,0,10,0,10,0,10
39,Hazelwood,39,3002.0,394.257530048,18.0,31.3209195267,0.0,26.4575131106,0.0,26.4575131106,0.0,26.4575131106,0.0,26.4575131106,0.0,26.4575131106,0.0,26.4575131106,0.0,26.4575131106,17.0,29.7993288516,0.0,26.4575131106,0.0,26.4575131106,26.0,31.8433666562,65.0,48.8978527136,181.0,113.256346401,56.0,38.7427412557,859.0,175.928962937,243.0,110.358506695,97.0,55.7314991724,556.0,208.156191356,389.0,136.861243601,277.0,94.3610088966,132.0,60.9179776421,40.0,41.0365690574,46.0,58.9745707912
40,Highland Park,40,4727.0,478.815204437,13.0,29.3428015023,0.0,28.2842712474,0.0,28.2842712474,0.0,28.2842712474,0.0,28.2842712474,0.0,28.2842712474,0.0,28.2842712474,0.0,28.2842712474,0.0,28.2842712474,0.0,28.2842712474,18.0,39.2555728528,0.0,28.2842712474,26.0,35.2278299075,22.0,37.094473982,52.0,63.1268564084,928.0,271.541893637,59.0,47.9895822027,185.0,69.9785681477,410.0,158.905632374,253.0,111.601971308,1162.0,225.909273825,920.0,220.592384274,298.0,140.331749793,381.0,115.92670098
41,Homewood North,41,1783.0,229.939122377,14.0,22.0227155456,0.0,22.360679775,0.0,22.360679775,0.0,22.360679775,0.0,22.360679775,0.0,22.360679775,0.0,22.360679775,0.0,22.360679775,12.0,26.2488094968,2.0,20.3960780544,40.0,43.0464865,22.0,24.1039415864,33.0,28.0178514522,35.0,29.7825452237,60.0,38.1837661841,462.0,113.964906879,136.0,66.2872536768,162.0,71.3512438574,414.0,108.074048689,192.0,67.9043444854,85.0,41.9523539267,94.0,47.8121323515,19.0,36.8917334914,1.0,20.2237484161
42,Homewood South,42,1423.0,178.823935758,17.0,21.7485631709,0.0,24.4948974278,0.0,24.4948974278,0.0,24.4948974278,0.0,24.4948974278,0.0,24.4948974278,0.0,24.4948974278,0.0,24.4948974278,0.0,24.4948974278,0.0,24.4948974278,18.0,29.6816441593,27.0,33.7934904974,85.0,53.5910440279,61.0,48.4561657583,72.0,44.485952839,408.0,109.726933795,75.0,38.7943294826,74.0,37.762415177,225.0,77.9551152908,127.0,47.9791621436,120.0,49.1222963632,96.0,48.2700735445,15.0,28.231188427,3.0,24.4948974278
43,Homewood West,43,667.0,135.871262598,8.0,12.8062484749,0.0,14.1421356237,0.0,14.1421356237,0.0,14.1421356237,0.0,14.1421356237,0.0,14.1421356237,0.0,14.1421356237,0.0,14.1421356237,0.0,14.1421356237,6.0,14.1421356237,0.0,14.1421356237,40.0,39.4081209905,19.0,23.0867927612,51.0,46.0434577329,11.0,11.6619037897,214.0,67.9558680321,72.0,45.8802789878,9.0,10.295630141,99.0,56.0357029045,103.0,63.2850693292,27.0,29.6141857899,6.0,13.4536240471,0.0,14.1421356237,2.0,10.7703296143
44,Knoxville,44,2478.0,386.706607133,71.0,71.8957578721,0.0,24.4948974278,0.0,24.4948974278,0.0,24.4948974278,0.0,24.4948974278,0.0,24.4948974278,0.0,24.4948974278,0.0,24.4948974278,0.0,24.4948974278,0.0,24.4948974278,33.0,58.4465567848,73.0,70.1213234331,2.0,23.4307490277,117.0,77.7495980697,72.0,52.6782687643,1111.0,282.740163401,196.0,115.563835174,163.0,93.717661089,229.0,146.471840297,162.0,81.0,111.0,59.3717104352,107.0,75.3923072998,21.0,31.384709653,10.0,28.0891438104
45,Larimer,45,1111.0,179.905530765,11.0,32.0780298647,0.0,20.0,0.0,20.0,0.0,20.0,0.0,20.0,0.0,20.0,0.0,20.0,0.0,20.0,21.0,32.6343377441,0.0,20.0,19.0,22.0227155456,23.0,20.9523268397,33.0,23.5159520326,68.0,51.0881590978,0.0,20.0,409.0,95.8070978582,88.0,38.2361085886,39.0,24.9198715888,240.0,107.14942837,121.0,49.3761075825,37.0,22.3159136044,2.0,17.7763888346,0.0,20.0,0.0,20.0
46,Lincoln Place,46,2621.0,351.566494422,44.0,60.2660766933,0.0,22.360679775,0.0,22.360679775,0.0,22.360679775,0.0,22.360679775,0.0,22.360679775,0.0,22.360679775,0.0,22.360679775,0.0,22.360679775,0.0,22.360679775,0.0,22.360679775,17.0,26.3058928759,19.0,27.0739727413,51.0,32.7566787083,82.0,47.1593044902,1052.0,221.447510711,174.0,93.2255329832,163.0,62.1047502209,226.0,75.4983443527,338.0,115.663304466,372.0,132.838247505,69.0,44.2040722106,14.0,29.7321374946,0.0,22.360679775
47,Lincoln-Lemington-Belmar,47,3305.0,310.932468553,45.0,30.4302481094,0.0,24.4948974278,0.0,24.4948974278,0.0,24.4948974278,7.0,25.3771550809,0.0,24.4948974278,9.0,23.1516738056,12.0,23.3666428911,28.0,30.3315017763,22.0,29.7489495612,8.0,25.8650343127,36.0,42.6262829719,53.0,29.4618397253,133.0,56.9034269619,52.0,34.1613817051,1142.0,182.392434054,139.0,70.6965345685,209.0,80.7093550959,536.0,160.959622267,267.0,91.5150260886,401.0,102.406054508,173.0,66.0378679243,9.0,24.1039415864,24.0,27.147743921
48,Lower Lawrenceville,48,1936.0,209.537586127,8.0,15.6204993518,0.0,14.1421356237,0.0,14.1421356237,0.0,14.1421356237,0.0,14.1421356237,0.0,14.1421356237,0.0,14.1421356237,0.0,14.1421356237,0.0,14.1421356237,0.0,14.1421356237,37.0,29.1547594742,10.0,18.0277563773,45.0,51.9711458407,18.0,23.2594066992,50.0,29.7321374946,410.0,108.374351209,48.0,36.7151195014,183.0,71.2179752591,309.0,106.887791632,125.0,65.8559033041,492.0,126.035709226,147.0,62.4259561401,30.0,26.9258240357,24.0,25.0
49,Manchester,49,1516.0,226.715680975,16.0,17.691806013,0.0,14.1421356237,0.0,14.1421356237,0.0,14.1421356237,0.0,14.1421356237,0.0,14.1421356237,0.0,14.1421356237,0.0,14.1421356237,0.0,14.1421356237,0.0,14.1421356237,0.0,14.1421356237,9.0,16.4012194669,2.0,10.7703296143,39.0,28.7923600978,33.0,27.6586333719,324.0,115.883562251,44.0,32.0624390838,144.0,59.9416382826,241.0,98.488578018,240.0,82.0731381147,286.0,124.354332454,103.0,43.8292140016,16.0,22.360679775,19.0,19.7230829233
50,Marshall-Shadeland,50,4275.0,440.447499709,83.0,42.1544778167,0.0,22.360679775,0.0,22.360679775,0.0,22.360679775,0.0,22.360679775,0.0,22.360679775,0.0,22.360679775,13.0,28.2842712474,33.0,32.5729949498,22.0,32.8024389337,18.0,23.8537208837,64.0,41.4366987102,281.0,114.043851215,153.0,59.2114853723,123.0,59.2030404625,1193.0,227.101298984,901.0,137.218803376,373.0,128.312119459,350.0,99.7546991374,306.0,104.259292152,252.0,103.522944317,110.0,50.4579032462,0.0,22.360679775,0.0,22.360679775
51,Middle Hill,51,1351.0,223.494966386,16.0,18.7082869338,0.0,17.3205080757,0.0,17.3205080757,0.0,17.3205080757,0.0,17.3205080757,0.0,17.3205080757,0.0,17.3205080757,0.0,17.3205080757,0.0,17.3205080757,16.0,28.7228132327,20.0,19.5192212959,72.0,70.4343666118,74.0,47.0850294679,72.0,44.955533586,41.0,29.2232783924,338.0,99.3881280637,102.0,56.471231614,107.0,53.1224999412,231.0,86.7755725997,125.0,77.2010362625,66.0,44.0567815438,66.0,68.1469001496,5.0,16.7630546143,0.0,17.3205080757
52,Morningside,52,2546.0,265.8006772,76.0,48.9489530021,0.0,20.0,0.0,20.0,0.0,20.0,0.0,20.0,0.0,20.0,0.0,20.0,16.0,31.2409987036,0.0,20.0,0.0,20.0,18.0,23.8537208838,0.0,20.0,67.0,56.6568618969,20.0,25.4950975679,44.0,41.8688428309,656.0,159.351812039,106.0,55.6956012626,164.0,71.6170370792,269.0,106.812920567,87.0,48.6415460281,621.0,123.786105844,222.0,80.3243425121,88.0,49.9399639568,92.0,49.3862328994
54,Mount Washington,54,6490.0,443.79387107,39.0,32.1869538789,0.0,29.9999999999,0.0,29.9999999999,0.0,29.9999999999,0.0,29.9999999999,6.0,29.3938769133,6.0,29.3938769133,0.0,29.9999999999,0.0,29.9999999999,0.0,29.9999999999,31.0,35.1140997322,75.0,49.7694685525,70.0,41.2674205639,174.0,83.1564790021,47.0,51.1663952218,1601.0,227.688383543,208.0,71.0914903488,240.0,76.3478879865,748.0,162.336071162,734.0,164.182824924,1589.0,274.304575245,644.0,140.90422279,138.0,66.7457863839,140.0,60.2992537268
55,Mount Oliver,55,453,100,7,7,0,10,0,10,0,10,0,10,0,10,0,10,0,10,0,10,0,10,0,10,0,10,12,11,8,12,0,10,166,62,48,41,19,19,79,55,86,46,23,16,5,7,0,10,0,10
56,New Homestead,56,703,70,4,7,0,10,0,10,0,10,0,10,0,10,0,10,0,10,0,10,0,10,0,10,2,5,43,34,8,10,17,15,218,56,7,10,25,17,82,31,89,36,135,50,70,32,3,5,0,10
59,Northview Heights,59,620,145,7,10,0,10,0,10,0,10,0,10,0,10,0,10,0,10,0,10,0,10,22,35,6,9,72,46,45,40,26,32,185,77,111,68,5,8,50,47,70,55,7,10,3,6,0,10,11,13
60,Oakwood,60,852,103,14,15,0,10,0,10,0,10,0,10,0,10,0,10,0,10,0,10,0,10,5,8,27,24,6,10,22,18,21,25,285,66,6,9,84,70,72,30,109,65,121,38,63,27,12,12,5,9
61,Overbrook,61,2828.0,228.486323442,18.0,23.2594066992,0.0,22.360679775,0.0,22.360679775,0.0,22.360679775,0.0,22.360679775,0.0,22.360679775,0.0,22.360679775,0.0,22.360679775,3.0,20.8806130178,4.0,20.8806130178,27.0,23.2594066992,19.0,19.3390796058,60.0,33.0302891298,95.0,50.7346035759,38.0,29.9165506033,1122.0,156.671631127,122.0,42.9883705203,196.0,65.1383143779,267.0,77.0649077078,401.0,92.4175308045,310.0,73.3484832836,118.0,39.5853508257,15.0,30.4795013083,13.0,28.2842712474
62,Perry North,62,2798.0,261.690657074,15.0,25.0,0.0,24.4948974278,2.0,22.7156333832,2.0,22.7156333832,0.0,24.4948974278,0.0,24.4948974278,0.0,24.4948974278,0.0,24.4948974278,7.0,24.1039415864,0.0,24.4948974278,9.0,25.3771550809,10.0,23.0217288665,59.0,36.4005494464,107.0,46.8934963509,64.0,49.4165964026,626.0,126.862129889,51.0,31.2569992162,184.0,63.1981012373,442.0,97.0309229061,215.0,76.707235643,641.0,143.89579563,286.0,81.4984662432,31.0,28.6006992921,47.0,26.9443871706
63,Perry South,63,2277.0,281.852798461,3.0,23.4307490277,0.0,24.4948974278,0.0,24.4948974278,0.0,24.4948974278,0.0,24.4948974278,0.0,24.4948974278,0.0,24.4948974278,0.0,24.4948974278,0.0,24.4948974278,0.0,24.4948974278,9.0,29.3428015023,46.0,49.4064773082,56.0,49.3761075825,68.0,49.2138191975,45.0,35.7631094845,689.0,136.132288602,271.0,108.018516931,112.0,46.2276973252,271.0,89.3420393767,249.0,98.7167665597,291.0,104.134528376,135.0,61.3921819126,14.0,25.3771550809,18.0,26.3818119165
64,Point Breeze,64,4117.0,240.819434432,0.0,26.4575131106,0.0,26.4575131106,0.0,26.4575131106,0.0,26.4575131106,7.0,29.8161030318,0.0,26.4575131106,0.0,26.4575131106,0.0,26.4575131106,0.0,26.4575131106,0.0,26.4575131106,33.0,50.1697119784,0.0,26.4575131106,8.0,27.276363394,6.0,25.7681974535,22.0,28.3901391332,288.0,94.7945146092,53.0,36.8917334915,108.0,52.8961246218,219.0,68.7822651561,118.0,56.0178542966,1156.0,143.944433723,1017.0,142.119667886,512.0,105.465634214,570.0,112.066944279
65,Point Breeze North,65,1451.0,212.511176176,0.0,17.3205080757,0.0,17.3205080757,0.0,17.3205080757,0.0,17.3205080757,0.0,17.3205080757,0.0,17.3205080757,0.0,17.3205080757,0.0,17.3205080757,0.0,17.3205080757,0.0,17.3205080757,0.0,17.3205080757,0.0,17.3205080757,0.0,17.3205080757,0.0,17.3205080757,14.0,26.1533936613,107.0,78.1920712093,43.0,70.4343666118,20.0,20.1494416796,131.0,77.8845299144,203.0,105.313816758,478.0,128.300428682,247.0,95.8384056629,56.0,44.1021541424,152.0,66.4906008395
66,Polish Hill,66,1093.0,150.083310198,0.0,14.1421356237,0.0,14.1421356237,0.0,14.1421356237,0.0,14.1421356237,0.0,14.1421356237,0.0,14.1421356237,0.0,14.1421356237,8.0,16.4012194669,0.0,14.1421356237,6.0,13.4536240471,10.0,14.8660687473,5.0,11.6619037897,32.0,19.1049731745,22.0,17.2046505341,0.0,14.1421356237,279.0,68.6002915446,65.0,39.0,51.0,28.2842712475,191.0,72.0694109869,75.0,39.4081209905,213.0,81.9878039711,87.0,44.7772263545,31.0,25.079872408,18.0,15.0
67,Regent Square,67,798,63,0,10,0,10,0,10,0,10,0,10,0,10,0,10,0,10,0,10,0,10,0,10,0,10,0,10,0,10,0,10,62,29,10,14,0,10,47,25,15,15,234,57,260,47,105,41,65,35
69,Shadyside,69,9561.0,668.804904289,78.0,62.984124984,0.0,37.4165738677,1.0,36.1109401706,0.0,37.4165738677,0.0,37.4165738677,0.0,37.4165738677,6.0,38.0,7.0,38.0,4.0,37.4165738677,6.0,36.4005494465,24.0,44.1021541424,38.0,42.8368999811,17.0,40.5585995813,41.0,47.6340214551,26.0,40.8411557133,685.0,187.952121563,31.0,41.509035161,125.0,76.032887621,498.0,158.993710568,336.0,124.671568532,3329.0,440.046588443,2294.0,293.429719013,919.0,175.248395142,1096.0,214.902303385
70,Sheraden,70,3590.0,347.041784228,63.0,44.5645599104,0.0,24.4948974278,0.0,24.4948974278,0.0,24.4948974278,0.0,24.4948974278,0.0,24.4948974278,0.0,24.4948974278,0.0,24.4948974278,0.0,24.4948974278,0.0,24.4948974278,28.0,32.7566787084,40.0,43.7149859888,42.0,41.3884041732,185.0,109.818031307,37.0,32.8785644456,1113.0,246.071127929,206.0,110.715852524,235.0,87.8976677734,369.0,124.217551094,466.0,150.97350761,525.0,164.137137785,247.0,111.108055513,1.0,22.4499443206,33.0,41.72529209
71,South Oakland,71,1190.0,192.857460317,45.0,43.520110294,0.0,20.0,0.0,20.0,0.0,20.0,0.0,20.0,0.0,20.0,0.0,20.0,0.0,20.0,0.0,20.0,0.0,20.0,27.0,40.8533964317,6.0,21.0713075057,12.0,24.9799919936,36.0,40.0124980475,7.0,20.5182845287,249.0,108.779593674,36.0,35.1710107902,93.0,52.4499761677,141.0,75.7165767847,44.0,32.8176781629,262.0,100.444014257,135.0,79.5801482783,40.0,35.0,57.0,33.1360830516
73,South Side Flats,73,3984.0,387.419669093,20.0,29.883105595,0.0,24.4948974278,0.0,24.4948974278,0.0,24.4948974278,0.0,24.4948974278,0.0,24.4948974278,0.0,24.4948974278,0.0,24.4948974278,8.0,25.8650343127,0.0,24.4948974278,15.0,28.3725219183,19.0,30.083217913,18.0,29.0688837075,64.0,45.3321078266,4.0,23.7486841741,810.0,184.561642819,128.0,80.4425260668,168.0,98.9039938526,228.0,109.206226929,279.0,115.654658358,1144.0,212.743977588,570.0,140.68404316,371.0,123.73358477,138.0,87.5842451586
74,South Side Slopes,74,3015.0,333.052548407,11.0,26.7955220139,0.0,26.4575131106,0.0,26.4575131106,0.0,26.4575131106,0.0,26.4575131106,0.0,26.4575131106,0.0,26.4575131106,0.0,26.4575131106,0.0,26.4575131106,0.0,26.4575131106,26.0,30.3479818111,32.0,32.2645316098,57.0,40.286474157,60.0,42.2965719652,72.0,44.9444101085,920.0,218.025227899,161.0,63.1030902571,127.0,59.8247440445,272.0,103.421467791,313.0,125.139921688,568.0,148.788440411,185.0,68.8984760353,133.0,70.8449010162,78.0,65.9090282131
75,Spring Garden,75,656.0,123.842642091,10.0,10.8166538264,0.0,14.1421356237,0.0,14.1421356237,0.0,14.1421356237,0.0,14.1421356237,0.0,14.1421356237,0.0,14.1421356237,0.0,14.1421356237,0.0,14.1421356237,40.0,32.2800247831,17.0,14.3178210633,24.0,13.4536240471,41.0,29.6816441593,26.0,19.4164878389,14.0,22.360679775,261.0,79.3221280602,67.0,30.61045573,28.0,19.2353840617,30.0,25.9615099715,51.0,29.6816441593,38.0,24.8394846967,9.0,18.0277563773,0.0,14.1421356237,0.0,14.1421356237
76,Spring Hill-City,76,1566.0,208.32666656,10.0,17.378147197,0.0,17.3205080757,0.0,17.3205080757,0.0,17.3205080757,0.0,17.3205080757,0.0,17.3205080757,0.0,17.3205080757,7.0,20.6155281281,14.0,19.3390796058,0.0,17.3205080757,21.0,22.9128784748,0.0,17.3205080757,4.0,16.2480768093,96.0,72.284161474,36.0,29.7657521323,685.0,154.861228201,91.0,69.0362223763,80.0,40.6078810085,165.0,86.4754300365,100.0,50.6853035899,142.0,53.8980519129,93.0,58.8727441181,14.0,21.3541565041,8.0,19.2093727123
77,Squirrel Hill North,77,5321.0,362.884279074,20.0,40.8166632639,0.0,31.6227766016,0.0,31.6227766016,19.0,41.7252920901,0.0,31.6227766016,12.0,34.9857113691,0.0,31.6227766016,20.0,43.8634243989,0.0,31.6227766016,0.0,31.6227766016,7.0,31.9530906173,2.0,28.9827534924,0.0,31.6227766016,10.0,31.6227766017,0.0,31.6227766016,247.0,87.5214259481,18.0,33.7638860322,125.0,75.6703376496,327.0,105.683489723,110.0,63.37980751,1384.0,188.549728188,1315.0,170.472871743,845.0,182.277261336,860.0,156.032047991
78,Squirrel Hill South,78,11601.0,632.461065996,8.0,36.2215405525,0.0,36.0555127546,0.0,36.0555127546,0.0,36.0555127546,0.0,36.0555127546,16.0,48.5386443982,23.0,44.1021541425,0.0,36.0555127546,21.0,40.5092582011,5.0,36.3455636908,38.0,46.1952378498,97.0,85.8428797281,68.0,59.4138031101,86.0,64.6606526413,67.0,58.3866423079,1229.0,273.972626371,123.0,73.3552997405,296.0,131.639659679,765.0,207.540357521,570.0,174.545123106,3137.0,354.546188808,2675.0,336.980711613,1005.0,196.295695318,1372.0,255.628636894
79,Saint Clair,79,153,66,0,10,0,10,0,10,0,10,0,10,0,10,0,10,0,10,0,10,0,10,0,10,4,6,0,10,0,10,7,11,64,59,4,6,12,9,4,5,33,25,9,9,16,26,0,10,0,10
80,Stanton Heights,80,3556.0,262.242254414,35.0,32.7414110875,0.0,20.0,0.0,20.0,0.0,20.0,0.0,20.0,0.0,20.0,0.0,20.0,17.0,30.4138126515,0.0,20.0,0.0,20.0,22.0,23.1732604525,21.0,21.4476105895,21.0,23.2594066992,78.0,38.3796821248,73.0,47.3075046901,855.0,146.673105919,67.0,43.2897216438,187.0,68.8549199404,553.0,151.52227559,307.0,85.1410594249,785.0,164.736152681,393.0,104.933312156,68.0,47.2228758125,74.0,40.074929819
82,Summer Hill,82,909,74,0,10,0,10,0,10,0,10,0,10,0,10,0,10,0,10,7,10,7,11,24,19,0,10,20,17,5,8,11,11,266,66,39,22,73,38,105,51,75,38,196,60,65,31,5,9,11,16
83,Swisshelm Park,83,1019,98,15,14,0,10,0,10,0,10,0,10,0,10,0,10,0,10,0,10,0,10,0,10,8,9,21,15,20,24,21,16,250,60,44,26,34,22,54,21,88,32,208,49,203,71,43,24,10,11
84,Terrace Village,84,801.0,127.255648205,10.0,20.6155281281,0.0,17.3205080757,0.0,17.3205080757,0.0,17.3205080757,0.0,17.3205080757,0.0,17.3205080757,0.0,17.3205080757,0.0,17.3205080757,0.0,17.3205080757,34.0,35.8608421541,22.0,22.360679775,6.0,16.7630546143,41.0,47.1699056603,32.0,23.3452350598,24.0,24.1246761636,282.0,85.0646812726,41.0,28.7054001888,82.0,48.795491595,75.0,43.3704968844,38.0,25.7293606605,25.0,24.1039415864,85.0,55.0363516232,4.0,15.779733838,0.0,17.3205080757
85,Troy Hill,85,1790.0,299.482887658,8.0,17.2046505341,0.0,14.1421356237,0.0,14.1421356237,0.0,14.1421356237,0.0,14.1421356237,0.0,14.1421356237,0.0,14.1421356237,0.0,14.1421356237,0.0,14.1421356237,0.0,14.1421356237,0.0,14.1421356237,17.0,21.4709105536,8.0,15.6204993518,15.0,20.591260282,36.0,30.886890423,555.0,156.977705423,121.0,90.6090503206,57.0,39.3573373083,261.0,91.2852671574,148.0,85.3814968245,273.0,97.4166310237,117.0,53.8237865632,127.0,62.9682459657,47.0,58.0517010948
86,Upper Hill,86,1491.0,330.685651337,23.0,29.2745623366,0.0,17.3205080757,0.0,17.3205080757,0.0,17.3205080757,0.0,17.3205080757,0.0,17.3205080757,0.0,17.3205080757,0.0,17.3205080757,0.0,17.3205080757,0.0,17.3205080757,3.0,16.2480768092,24.0,29.0860791445,0.0,17.3205080757,19.0,26.1533936612,0.0,17.3205080757,355.0,146.642422239,204.0,115.173781738,45.0,39.8748040747,390.0,293.969386161,112.0,73.8985791474,149.0,84.4570896965,126.0,130.268952556,8.0,18.547236991,33.0,38.4317577012
87,Upper Lawrenceville,87,1993.0,262.528093735,45.0,51.7493961318,0.0,17.3205080757,0.0,17.3205080757,0.0,17.3205080757,0.0,17.3205080757,0.0,17.3205080757,0.0,17.3205080757,0.0,17.3205080757,0.0,17.3205080757,0.0,17.3205080757,12.0,18.547236991,21.0,30.4795013083,60.0,44.687805943,29.0,24.899799196,48.0,47.8957200593,504.0,145.715476185,125.0,69.4550214167,38.0,36.6196668472,198.0,92.9623579736,105.0,63.1585306986,523.0,176.572931107,233.0,103.445637897,38.0,38.0263066837,14.0,19.7230829233
88,West End,88,91,40,0,10,0,10,0,10,0,10,0,10,0,10,0,10,0,10,0,10,0,10,0,10,0,10,0,10,0,10,0,10,35,23,0,10,0,10,14,16,18,22,17,22,7,12,0,10,0,10
89,West Oakland,89,850.0,147.800541271,16.0,18.8679622641,0.0,14.1421356237,0.0,14.1421356237,0.0,14.1421356237,0.0,14.1421356237,0.0,14.1421356237,0.0,14.1421356237,0.0,14.1421356237,0.0,14.1421356237,0.0,14.1421356237,0.0,14.1421356237,0.0,14.1421356237,51.0,42.201895692,7.0,15.6204993518,5.0,15.6204993518,161.0,59.6657355607,71.0,33.5410196625,60.0,44.2944691807,164.0,70.8307842679,35.0,28.6356421266,147.0,73.0,82.0,42.4264068712,25.0,31.6227766017,26.0,23.4307490277
90,Westwood,90,2539.0,223.600089445,119.0,116.430236623,0.0,14.1421356237,0.0,14.1421356237,0.0,14.1421356237,0.0,14.1421356237,0.0,14.1421356237,0.0,14.1421356237,9.0,17.2046505341,9.0,16.4012194669,0.0,14.1421356237,28.0,26.0,10.0,18.0277563773,75.0,56.6038867923,70.0,50.5964425627,20.0,20.8086520467,839.0,148.124947257,67.0,36.0555127546,61.0,46.8401537145,357.0,121.210560596,152.0,55.8032257132,537.0,118.342722632,186.0,78.5684415017,0.0,14.1421356237,0.0,14.1421356237
91,Windgap,91,1066.0,208.009615162,10.0,17.2046505341,0.0,14.1421356237,0.0,14.1421356237,0.0,14.1421356237,0.0,14.1421356237,0.0,14.1421356237,0.0,14.1421356237,0.0,14.1421356237,0.0,14.1421356237,8.0,16.4012194669,0.0,14.1421356237,21.0,22.0227155455,0.0,14.1421356237,38.0,45.5411901469,10.0,17.2046505341,409.0,132.310241478,64.0,41.400483089,78.0,35.6089876295,168.0,80.8084154033,106.0,73.3484832836,79.0,40.3112887415,75.0,58.6941223633,0.0,14.1421356237,0.0,14.1421356237
